[
  {
    "typeName": "hot", "books": [
      { "name": "好书一本", "author": "高手", "src": "assets/imgs/book3.jpg" },
      { "name": "好书一本", "author": "高高手", "src": "assets/imgs/book4.jpg" },
      { "name": "好书一本", "author": "高高高手", "src": "assets/imgs/book5.jpg" },
      { "name": "好书一本", "author": "杰克弗拉德", "src": "assets/imgs/book3.jpg" },
      { "name": "好书一本", "author": "卡斯乌达", "src": "assets/imgs/book4.jpg" },
      { "name": "好书一本", "author": "桑吉尔夫", "src": "assets/imgs/book5.jpg" },
      { "name": "好书一本", "author": "达尔米", "src": "assets/imgs/book3.jpg" },
      { "name": "好书一本", "author": "卡卡禄冷", "src": "assets/imgs/book4.jpg" }

    ]
  },
  {
    "typeName": "new", "books": [
      { "name": "好书一本", "author": "高手", "src": "assets/imgs/book3.jpg" },
      { "name": "好书一本", "author": "高高手", "src": "assets/imgs/book4.jpg" },
      { "name": "好书一本", "author": "高高高手", "src": "assets/imgs/book5.jpg" },
      { "name": "好书一本", "author": "杰克弗拉德", "src": "assets/imgs/book3.jpg" },
      { "name": "好书一本", "author": "卡斯乌达", "src": "assets/imgs/book4.jpg" },
      { "name": "好书一本", "author": "桑吉尔夫", "src": "assets/imgs/book5.jpg" },
      { "name": "好书一本", "author": "达尔米", "src": "assets/imgs/book3.jpg" },
      { "name": "好书一本", "author": "卡卡禄冷", "src": "assets/imgs/book4.jpg" }

    ]
  },
  {
    "typeName": "文学", "books": [
      { "name": "好书一本", "author": "高手", "src": "assets/imgs/book3.jpg" },
      { "name": "好书一本", "author": "高高手", "src": "assets/imgs/book4.jpg" },
      { "name": "好书一本", "author": "高高高手", "src": "assets/imgs/book5.jpg" },
      { "name": "好书一本", "author": "杰克弗拉德", "src": "assets/imgs/book3.jpg" },
      { "name": "好书一本", "author": "卡斯乌达", "src": "assets/imgs/book4.jpg" },
      { "name": "好书一本", "author": "桑吉尔夫", "src": "assets/imgs/book5.jpg" },
      { "name": "好书一本", "author": "达尔米", "src": "assets/imgs/book3.jpg" },
      { "name": "好书一本", "author": "卡卡禄冷", "src": "assets/imgs/book4.jpg" },
      { "name": "好书一本", "author": "开饭店", "src": "assets/imgs/book5.jpg" }
    ]
  },
  {
    "typeName": "历史", "books": [
      { "name": "好书一本", "author": "高手", "src": "assets/imgs/book3.jpg" },
      { "name": "好书一本", "author": "高高手", "src": "assets/imgs/book4.jpg" },
      { "name": "好书一本", "author": "高高高手", "src": "assets/imgs/book5.jpg" },
      { "name": "好书一本", "author": "杰克弗拉德", "src": "assets/imgs/book3.jpg" },
      { "name": "好书一本", "author": "卡斯乌达", "src": "assets/imgs/book4.jpg" },
      { "name": "好书一本", "author": "桑吉尔夫", "src": "assets/imgs/book5.jpg" },
      { "name": "好书一本", "author": "达尔米", "src": "assets/imgs/book3.jpg" },
      { "name": "好书一本", "author": "卡卡禄冷", "src": "assets/imgs/book4.jpg" },
      { "name": "好书一本", "author": "开饭店", "src": "assets/imgs/book5.jpg" }
    ]
  },
  {
    "typeName": "外语", "books": [
      { "name": "好书一本", "author": "高手", "src": "assets/imgs/book3.jpg" },
      { "name": "好书一本", "author": "高高手", "src": "assets/imgs/book4.jpg" },
      { "name": "好书一本", "author": "高高高手", "src": "assets/imgs/book5.jpg" },
      { "name": "好书一本", "author": "杰克弗拉德", "src": "assets/imgs/book3.jpg" },
      { "name": "好书一本", "author": "卡斯乌达", "src": "assets/imgs/book4.jpg" },
      { "name": "好书一本", "author": "桑吉尔夫", "src": "assets/imgs/book5.jpg" },
      { "name": "好书一本", "author": "达尔米", "src": "assets/imgs/book3.jpg" },
      { "name": "好书一本", "author": "卡卡禄冷", "src": "assets/imgs/book4.jpg" },
      { "name": "好书一本", "author": "开饭店", "src": "assets/imgs/book5.jpg" }
    ]
  }
]
